{
  "params": {
    "parallel": 100,
    "knn.algo_param.ef_search": 512
  },
  "results": {
    "total_time": 37.933599912998034,
    "mean_time": 3.6281327392100646,
    "mean_precisions": 0.99759,
    "std_time": 1.2996601814842594,
    "min_time": 0.8472779679977975,
    "max_time": 11.193789720000495,
    "rps": 26.361853404199262,
    "p95_time": 6.099950643699776,
    "p99_time": 7.357173500258395
  }
}
