{
  "params": {
    "parallel": 100,
    "knn.algo_param.ef_search": 128
  },
  "results": {
    "total_time": 40.394732868000574,
    "mean_time": 3.8658117435000388,
    "mean_precisions": 0.97397,
    "std_time": 1.3343866252214462,
    "min_time": 1.0822235529994941,
    "max_time": 9.352607515000273,
    "rps": 24.75570276124213,
    "p95_time": 6.1963040454013,
    "p99_time": 7.8171491754192175
  }
}
