{
  "params": {
    "parallel": 100,
    "search_params": {
      "hnsw_ef": 512
    }
  },
  "results": {
    "total_time": 2.960359797998535,
    "mean_time": 0.28266197022799316,
    "mean_precisions": 0.9981,
    "std_time": 0.12862354358668526,
    "min_time": 0.03058186599810142,
    "max_time": 0.906099728999834,
    "rps": 337.79677749849475,
    "p95_time": 0.5469628341525095,
    "p99_time": 0.6793103108806461
  }
}
