{
  "params": {
    "parallel": 100,
    "search_params": {
      "hnsw_ef": 128
    }
  },
  "results": {
    "total_time": 1.6062664839992067,
    "mean_time": 0.14067470107099142,
    "mean_precisions": 0.9229,
    "std_time": 0.06656849668144854,
    "min_time": 0.028687836998869898,
    "max_time": 0.5301770670012047,
    "rps": 622.5617044005345,
    "p95_time": 0.2666749293002795,
    "p99_time": 0.3788473323000651
  }
}
