{
  "params": {
    "knn.algo_param.ef_search": 128
  },
  "results": {
    "total_time": 0.009555505588650703,
    "mean_time": 0.0008769320324063301,
    "mean_precisions": 1.0,
    "std_time": 6.603561547321486e-05,
    "min_time": 0.0007929056882858276,
    "max_time": 0.001051679253578186,
    "rps": 1046.5171002439927,
    "p95_time": 0.0009853046387434004,
    "p99_time": 0.0010384043306112289,
    "precisions": [
      1.0,
      1.0,
      1.0,
      1.0,
      1.0,
      1.0,
      1.0,
      1.0,
      1.0,
      1.0
    ],
    "latencies": [
      0.001051679253578186,
      0.0008369088172912598,
      0.0008801762014627457,
      0.000865645706653595,
      0.000875525176525116,
      0.0008790586143732071,
      0.0008642859756946564,
      0.000904180109500885,
      0.0007929056882858276,
      0.0008189547806978226
    ]
  }
}