{
  "params": {
    "knn.algo_param.ef_search": 512
  },
  "results": {
    "total_time": 0.010834889486432076,
    "mean_time": 0.0009893381968140603,
    "mean_precisions": 1.0,
    "std_time": 0.0001985702130613899,
    "min_time": 0.0008316244930028915,
    "max_time": 0.0014378484338521957,
    "rps": 922.9443468272048,
    "p95_time": 0.00137297585606575,
    "p99_time": 0.0014248739182949066,
    "precisions": [
      1.0,
      1.0,
      1.0,
      1.0,
      1.0,
      1.0,
      1.0,
      1.0,
      1.0,
      1.0
    ],
    "latencies": [
      0.0014378484338521957,
      0.0012936871498823166,
      0.0010337792336940765,
      0.0008735191076993942,
      0.0008316244930028915,
      0.0009134355932474136,
      0.0008890852332115173,
      0.0009260885417461395,
      0.0008454862982034683,
      0.0008488278836011887
    ]
  }
}