{
  "params": {
    "knn.algo_param.ef_search": 512
  },
  "results": {
    "total_time": 0.009396445006132126,
    "mean_time": 0.0008590685203671456,
    "mean_precisions": 0.9,
    "std_time": 4.828595462316014e-05,
    "min_time": 0.0008116252720355988,
    "max_time": 0.0009904801845550537,
    "rps": 1064.2322701270527,
    "p95_time": 0.0009451868943870066,
    "p99_time": 0.0009814215265214444,
    "precisions": [
      1.0,
      1.0,
      1.0,
      1.0,
      1.0,
      1.0,
      1.0,
      0.0,
      1.0,
      1.0
    ],
    "latencies": [
      0.0009904801845550537,
      0.0008382555097341537,
      0.0008595064282417297,
      0.0008475761860609055,
      0.0008261557668447495,
      0.0008378550410270691,
      0.0008116252720355988,
      0.0008898284286260605,
      0.0008576959371566772,
      0.0008317064493894577
    ]
  }
}