{
  "params": {
    "knn.algo_param.ef_search": 128
  },
  "results": {
    "total_time": 0.009400511160492897,
    "mean_time": 0.0008588984608650207,
    "mean_precisions": 1.0,
    "std_time": 7.831135267396217e-05,
    "min_time": 0.0007937252521514893,
    "max_time": 0.0010369699448347092,
    "rps": 1063.7719406181386,
    "p95_time": 0.0010118904523551463,
    "p99_time": 0.0010319540463387966,
    "precisions": [
      1.0,
      1.0,
      1.0,
      1.0,
      1.0,
      1.0,
      1.0,
      1.0,
      1.0,
      1.0
    ],
    "latencies": [
      0.0010369699448347092,
      0.0008506160229444504,
      0.0007937252521514893,
      0.0008201636373996735,
      0.0008189044892787933,
      0.0008163172751665115,
      0.0009812377393245697,
      0.0008038654923439026,
      0.0008571688085794449,
      0.0008100159466266632
    ]
  }
}