{
  "params": {
    "knn.algo_param.ef_search": 128
  },
  "results": {
    "total_time": 0.009744379669427872,
    "mean_time": 0.0008913977071642876,
    "mean_precisions": 1.0,
    "std_time": 0.00010982814657415495,
    "min_time": 0.0008159540593624115,
    "max_time": 0.001212364062666893,
    "rps": 1026.2325914264316,
    "p95_time": 0.0010732932016253467,
    "p99_time": 0.0011845498904585838,
    "precisions": [
      1.0,
      1.0,
      1.0,
      1.0,
      1.0,
      1.0,
      1.0,
      1.0,
      1.0,
      1.0
    ],
    "latencies": [
      0.001212364062666893,
      0.0008612088859081268,
      0.0008574072271585464,
      0.0009033177047967911,
      0.0008493289351463318,
      0.0008891765028238297,
      0.000858476385474205,
      0.0008259657770395279,
      0.0008159540593624115,
      0.0008407775312662125
    ]
  }
}