{
  "params": {
    "knn.algo_param.ef_search": 128
  },
  "results": {
    "total_time": 0.009679678827524185,
    "mean_time": 0.0008822888135910034,
    "mean_precisions": 1.0,
    "std_time": 0.00015499156780712377,
    "min_time": 0.0007918868213891983,
    "max_time": 0.0013404153287410736,
    "rps": 1033.0921281773296,
    "p95_time": 0.0011373528279364105,
    "p99_time": 0.0012998028285801412,
    "precisions": [
      1.0,
      1.0,
      1.0,
      1.0,
      1.0,
      1.0,
      1.0,
      1.0,
      1.0,
      1.0
    ],
    "latencies": [
      0.0013404153287410736,
      0.000834563747048378,
      0.0008891653269529343,
      0.0008131153881549835,
      0.0008479263633489609,
      0.00085463747382164,
      0.0008249469101428986,
      0.0007918868213891983,
      0.0008017551153898239,
      0.0008244756609201431
    ]
  }
}