{
  "params": {
    "knn.algo_param.ef_search": 128
  },
  "results": {
    "total_time": 0.009759299457073212,
    "mean_time": 0.0008880043402314186,
    "mean_precisions": 1.0,
    "std_time": 8.361572012789546e-05,
    "min_time": 0.0008205566555261612,
    "max_time": 0.0011276118457317352,
    "rps": 1024.6637111593432,
    "p95_time": 0.0010301177389919756,
    "p99_time": 0.0011081130243837834,
    "precisions": [
      1.0,
      1.0,
      1.0,
      1.0,
      1.0,
      1.0,
      1.0,
      1.0,
      1.0,
      1.0
    ],
    "latencies": [
      0.0011276118457317352,
      0.0008584447205066681,
      0.0008205566555261612,
      0.0008448567241430283,
      0.0008642561733722687,
      0.0008870773017406464,
      0.0009109582751989365,
      0.0008436273783445358,
      0.0008421558886766434,
      0.0008804984390735626
    ]
  }
}