{
  "params": {
    "knn.algo_param.ef_search": 128
  },
  "results": {
    "total_time": 0.009492006152868271,
    "mean_time": 0.0008593082427978515,
    "mean_precisions": 0.9,
    "std_time": 7.570666444563268e-05,
    "min_time": 0.0007906444370746613,
    "max_time": 0.0010625030845403671,
    "rps": 1053.5180697263058,
    "p95_time": 0.000990360043942928,
    "p99_time": 0.0010480744764208795,
    "precisions": [
      1.0,
      1.0,
      1.0,
      1.0,
      1.0,
      1.0,
      1.0,
      0.0,
      1.0,
      1.0
    ],
    "latencies": [
      0.0010625030845403671,
      0.000862468034029007,
      0.0009021852165460587,
      0.0008544176816940308,
      0.000800304114818573,
      0.000818304717540741,
      0.0008633248507976532,
      0.0008427668362855911,
      0.0007961634546518326,
      0.0007906444370746613
    ]
  }
}