{
  "params": {
    "knn.algo_param.ef_search": 256
  },
  "results": {
    "total_time": 0.009089447557926178,
    "mean_time": 0.0008359303697943688,
    "mean_precisions": 0.9,
    "std_time": 5.0591379963951094e-05,
    "min_time": 0.0007739868015050888,
    "max_time": 0.0009415373206138611,
    "rps": 1100.176873926711,
    "p95_time": 0.0009188978001475334,
    "p99_time": 0.0009370094165205955,
    "precisions": [
      1.0,
      1.0,
      1.0,
      1.0,
      1.0,
      1.0,
      1.0,
      0.0,
      1.0,
      1.0
    ],
    "latencies": [
      0.0009415373206138611,
      0.0008314363658428192,
      0.0008735544979572296,
      0.0007895864546298981,
      0.0008912272751331329,
      0.0008057747036218643,
      0.0008008666336536407,
      0.0008540768176317215,
      0.0007972568273544312,
      0.0007739868015050888
    ]
  }
}