{
  "params": {
    "knn.algo_param.ef_search": 512
  },
  "results": {
    "total_time": 0.009479444473981857,
    "mean_time": 0.0008775169029831886,
    "mean_precisions": 1.0,
    "std_time": 0.00012669378929933646,
    "min_time": 0.0007859747856855392,
    "max_time": 0.0012502428144216537,
    "rps": 1054.9141384230802,
    "p95_time": 0.0010797976516187186,
    "p99_time": 0.001216153781861067,
    "precisions": [
      1.0,
      1.0,
      1.0,
      1.0,
      1.0,
      1.0,
      1.0,
      1.0,
      1.0,
      1.0
    ],
    "latencies": [
      0.0012502428144216537,
      0.0008564963936805725,
      0.0008086953312158585,
      0.0008494481444358826,
      0.0008185561746358871,
      0.0008323546499013901,
      0.00083913654088974,
      0.0007859747856855392,
      0.0008714757859706879,
      0.0008627884089946747
    ]
  }
}