{
  "params": {
    "knn.algo_param.ef_search": 512
  },
  "results": {
    "total_time": 0.009481934830546379,
    "mean_time": 0.0008708477020263672,
    "mean_precisions": 1.0,
    "std_time": 5.490098516037086e-05,
    "min_time": 0.0008032042533159256,
    "max_time": 0.0010015498846769333,
    "rps": 1054.6370734150858,
    "p95_time": 0.0009687925688922404,
    "p99_time": 0.0009949984215199947,
    "precisions": [
      1.0,
      1.0,
      1.0,
      1.0,
      1.0,
      1.0,
      1.0,
      1.0,
      1.0,
      1.0
    ],
    "latencies": [
      0.0010015498846769333,
      0.0008228961378335953,
      0.0009287558495998383,
      0.0008484665304422379,
      0.0008643567562103271,
      0.0008892267942428589,
      0.0008702781051397324,
      0.0008032042533159256,
      0.0008437149226665497,
      0.0008360277861356735
    ]
  }
}