{
  "params": {
    "knn.algo_param.ef_search": 128
  },
  "results": {
    "total_time": 0.0090202447026968,
    "mean_time": 0.0008240163326263428,
    "mean_precisions": 0.9,
    "std_time": 4.3931930574833205e-05,
    "min_time": 0.0007769130170345306,
    "max_time": 0.0009429585188627243,
    "rps": 1108.617374538662,
    "p95_time": 0.0008981731720268725,
    "p99_time": 0.000934001449495554,
    "precisions": [
      1.0,
      1.0,
      1.0,
      1.0,
      1.0,
      1.0,
      1.0,
      0.0,
      1.0,
      1.0
    ],
    "latencies": [
      0.0009429585188627243,
      0.000810723751783371,
      0.0008354969322681427,
      0.0007940046489238739,
      0.0008008237928152084,
      0.0007769130170345306,
      0.000811675563454628,
      0.000843435525894165,
      0.0008257050067186356,
      0.0007984265685081482
    ]
  }
}