{
  "params": {
    "knn.algo_param.ef_search": 256
  },
  "results": {
    "total_time": 0.009750036522746086,
    "mean_time": 0.000895196944475174,
    "mean_precisions": 1.0,
    "std_time": 6.358336699400298e-05,
    "min_time": 0.0008226651698350906,
    "max_time": 0.001069469377398491,
    "rps": 1025.6371836834423,
    "p95_time": 0.0010005692951381205,
    "p99_time": 0.001055689360946417,
    "precisions": [
      1.0,
      1.0,
      1.0,
      1.0,
      1.0,
      1.0,
      1.0,
      1.0,
      1.0,
      1.0
    ],
    "latencies": [
      0.001069469377398491,
      0.0008963458240032196,
      0.000865936279296875,
      0.000916358083486557,
      0.0008441880345344543,
      0.0008226651698350906,
      0.0008942969143390656,
      0.000873444601893425,
      0.0008748266845941544,
      0.0008944384753704071
    ]
  }
}