{
  "params": {
    "knn.algo_param.ef_search": 512
  },
  "results": {
    "total_time": 0.010356180369853973,
    "mean_time": 0.000952441617846489,
    "mean_precisions": 1.0,
    "std_time": 9.324930934001904e-05,
    "min_time": 0.0008573159575462341,
    "max_time": 0.0011785831302404404,
    "rps": 965.6069750493351,
    "p95_time": 0.0011161622591316699,
    "p99_time": 0.0011660989560186863,
    "precisions": [
      1.0,
      1.0,
      1.0,
      1.0,
      1.0,
      1.0,
      1.0,
      1.0,
      1.0,
      1.0
    ],
    "latencies": [
      0.0011785831302404404,
      0.0009411685168743134,
      0.0009055882692337036,
      0.0010398700833320618,
      0.0009169410914182663,
      0.001012919470667839,
      0.0009061172604560852,
      0.0008766651153564453,
      0.0008573159575462341,
      0.0008892472833395004
    ]
  }
}