{
  "params": {
    "knn.algo_param.ef_search": 512
  },
  "results": {
    "total_time": 0.010647468268871307,
    "mean_time": 0.0009694783017039299,
    "mean_precisions": 0.9,
    "std_time": 0.0002548736110905026,
    "min_time": 0.0007881559431552887,
    "max_time": 0.0016536731272935867,
    "rps": 939.1904016502937,
    "p95_time": 0.001439117360860109,
    "p99_time": 0.0016107619740068913,
    "precisions": [
      1.0,
      1.0,
      1.0,
      1.0,
      1.0,
      1.0,
      1.0,
      0.0,
      1.0,
      1.0
    ],
    "latencies": [
      0.0016536731272935867,
      0.0011768825352191925,
      0.0010006334632635117,
      0.0009383484721183777,
      0.0008046161383390427,
      0.0008527059108018875,
      0.0008316375315189362,
      0.0008518453687429428,
      0.0007962845265865326,
      0.0007881559431552887
    ]
  }
}