{
  "params": {
    "knn.algo_param.ef_search": 512
  },
  "results": {
    "total_time": 0.012197747826576233,
    "mean_time": 0.0011146308854222298,
    "mean_precisions": 0.9,
    "std_time": 0.0002122220995763117,
    "min_time": 0.0008569676429033279,
    "max_time": 0.0016052722930908203,
    "rps": 819.8234741508741,
    "p95_time": 0.0014754491858184335,
    "p99_time": 0.001579307671636343,
    "precisions": [
      1.0,
      1.0,
      1.0,
      1.0,
      1.0,
      1.0,
      1.0,
      0.0,
      1.0,
      1.0
    ],
    "latencies": [
      0.0016052722930908203,
      0.0009464770555496216,
      0.0008569676429033279,
      0.0008684750646352768,
      0.001176103949546814,
      0.0011420324444770813,
      0.0010325796902179718,
      0.0011315327137708664,
      0.001070091500878334,
      0.0013167764991521835
    ]
  }
}