{
  "params": {
    "knn.algo_param.ef_search": 256
  },
  "results": {
    "total_time": 0.009746931493282318,
    "mean_time": 0.0009035201743245125,
    "mean_precisions": 1.0,
    "std_time": 4.442501988734653e-05,
    "min_time": 0.0008600056171417236,
    "max_time": 0.0010035987943410873,
    "rps": 1025.963915606886,
    "p95_time": 0.000978042371571064,
    "p99_time": 0.0009984875097870827,
    "precisions": [
      1.0,
      1.0,
      1.0,
      1.0,
      1.0,
      1.0,
      1.0,
      1.0,
      1.0,
      1.0
    ],
    "latencies": [
      0.0010035987943410873,
      0.0008633565157651901,
      0.0008722487837076187,
      0.0009124279022216797,
      0.0009320266544818878,
      0.0009468067437410355,
      0.0009053200483322144,
      0.0008791852742433548,
      0.0008600056171417236,
      0.0008602254092693329
    ]
  }
}