{
  "params": {
    "knn.algo_param.ef_search": 512
  },
  "results": {
    "total_time": 0.009249148890376091,
    "mean_time": 0.0008447417989373207,
    "mean_precisions": 1.0,
    "std_time": 4.9572698347496115e-05,
    "min_time": 0.000785166397690773,
    "max_time": 0.0009667780250310898,
    "rps": 1081.180562506155,
    "p95_time": 0.0009370281361043453,
    "p99_time": 0.0009608280472457409,
    "precisions": [
      1.0,
      1.0,
      1.0,
      1.0,
      1.0,
      1.0,
      1.0,
      1.0,
      1.0,
      1.0
    ],
    "latencies": [
      0.0009667780250310898,
      0.0008443668484687805,
      0.0008081160485744476,
      0.0008391868323087692,
      0.0008319485932588577,
      0.0008247252553701401,
      0.0009006671607494354,
      0.000785166397690773,
      0.0008147861808538437,
      0.00083167664706707
    ]
  }
}