{
  "params": {
    "knn.algo_param.ef_search": 256
  },
  "results": {
    "total_time": 0.009088417515158653,
    "mean_time": 0.0008295280858874321,
    "mean_precisions": 1.0,
    "std_time": 4.623073094082923e-05,
    "min_time": 0.0007833763957023621,
    "max_time": 0.0009612590074539185,
    "rps": 1100.301563316266,
    "p95_time": 0.0009030198678374289,
    "p99_time": 0.0009496111795306206,
    "precisions": [
      1.0,
      1.0,
      1.0,
      1.0,
      1.0,
      1.0,
      1.0,
      1.0,
      1.0,
      1.0
    ],
    "latencies": [
      0.0009612590074539185,
      0.0008213464170694351,
      0.0008130371570587158,
      0.000818006694316864,
      0.0008173473179340363,
      0.0008263178169727325,
      0.0008286256343126297,
      0.0007833763957023621,
      0.0008318386971950531,
      0.0007941257208585739
    ]
  }
}