{
  "params": {
    "knn.algo_param.ef_search": 512
  },
  "results": {
    "total_time": 0.009920522570610046,
    "mean_time": 0.0009146066382527352,
    "mean_precisions": 0.9,
    "std_time": 0.00010075565902875078,
    "min_time": 0.000845959410071373,
    "max_time": 0.0012024715542793274,
    "rps": 1008.0114156108478,
    "p95_time": 0.0010905186645686624,
    "p99_time": 0.0011800809763371945,
    "precisions": [
      1.0,
      1.0,
      1.0,
      1.0,
      1.0,
      1.0,
      1.0,
      0.0,
      1.0,
      1.0
    ],
    "latencies": [
      0.0012024715542793274,
      0.0008848980069160461,
      0.000899825245141983,
      0.0008490253239870071,
      0.000845959410071373,
      0.0008753463625907898,
      0.0008735284209251404,
      0.0009536873549222946,
      0.0008534975349903107,
      0.0009078271687030792
    ]
  }
}