{
  "params": {
    "knn.algo_param.ef_search": 128
  },
  "results": {
    "total_time": 0.009981174021959305,
    "mean_time": 0.0009107906371355057,
    "mean_precisions": 0.9,
    "std_time": 8.30607867394229e-05,
    "min_time": 0.000817643478512764,
    "max_time": 0.0010814405977725983,
    "rps": 1001.8861486634014,
    "p95_time": 0.00105022806674242,
    "p99_time": 0.0010751980915665626,
    "precisions": [
      1.0,
      1.0,
      1.0,
      1.0,
      1.0,
      1.0,
      1.0,
      0.0,
      1.0,
      1.0
    ],
    "latencies": [
      0.0010814405977725983,
      0.0009111575782299042,
      0.000984320417046547,
      0.0008586682379245758,
      0.0008689872920513153,
      0.0010120794177055359,
      0.000817643478512764,
      0.0008991565555334091,
      0.0008444357663393021,
      0.0008300170302391052
    ]
  }
}