{
  "params": {
    "knn.algo_param.ef_search": 256
  },
  "results": {
    "total_time": 0.009416794404387474,
    "mean_time": 0.0008551592007279396,
    "mean_precisions": 0.9,
    "std_time": 8.180610853847305e-05,
    "min_time": 0.0007849670946598053,
    "max_time": 0.0010689999908208847,
    "rps": 1061.9324974686501,
    "p95_time": 0.0010080065578222273,
    "p99_time": 0.0010568013042211533,
    "precisions": [
      1.0,
      1.0,
      1.0,
      1.0,
      1.0,
      1.0,
      1.0,
      0.0,
      1.0,
      1.0
    ],
    "latencies": [
      0.0010689999908208847,
      0.0008538346737623215,
      0.0008185673505067825,
      0.0009334590286016464,
      0.0008274354040622711,
      0.0007998067885637283,
      0.0008227676153182983,
      0.000848839059472084,
      0.0007849670946598053,
      0.0007929150015115738
    ]
  }
}