{
  "params": {
    "knn.algo_param.ef_search": 256
  },
  "results": {
    "total_time": 0.010034644976258278,
    "mean_time": 0.0009149273857474328,
    "mean_precisions": 0.9,
    "std_time": 8.768322006416716e-05,
    "min_time": 0.0008403994143009186,
    "max_time": 0.001150360330939293,
    "rps": 996.5474636780626,
    "p95_time": 0.001067986339330673,
    "p99_time": 0.001133885532617569,
    "precisions": [
      1.0,
      1.0,
      1.0,
      1.0,
      1.0,
      1.0,
      1.0,
      0.0,
      1.0,
      1.0
    ],
    "latencies": [
      0.001150360330939293,
      0.0009403601288795471,
      0.0009673070162534714,
      0.0008867885917425156,
      0.0008579473942518234,
      0.000855565071105957,
      0.000918729230761528,
      0.000873887911438942,
      0.0008579287678003311,
      0.0008403994143009186
    ]
  }
}