{
  "params": {
    "knn.algo_param.ef_search": 128
  },
  "results": {
    "total_time": 0.010123427957296371,
    "mean_time": 0.0009241795167326927,
    "mean_precisions": 0.9,
    "std_time": 9.780793706410484e-05,
    "min_time": 0.0008525755256414413,
    "max_time": 0.0012096837162971497,
    "rps": 987.807691444338,
    "p95_time": 0.0010814808309078214,
    "p99_time": 0.0011840431392192842,
    "precisions": [
      1.0,
      1.0,
      1.0,
      1.0,
      1.0,
      1.0,
      1.0,
      0.0,
      1.0,
      1.0
    ],
    "latencies": [
      0.0012096837162971497,
      0.0008950158953666687,
      0.0009247884154319763,
      0.0008963868021965027,
      0.0008639656007289886,
      0.0009157583117485046,
      0.0008525755256414413,
      0.0009202975779771805,
      0.0008755959570407867,
      0.000887727364897728
    ]
  }
}