{
  "params": {
    "knn.algo_param.ef_search": 256
  },
  "results": {
    "total_time": 0.009615058079361916,
    "mean_time": 0.0008754950016736984,
    "mean_precisions": 1.0,
    "std_time": 0.00010620311714053814,
    "min_time": 0.0007930360734462738,
    "max_time": 0.0011661816388368607,
    "rps": 1040.035319335651,
    "p95_time": 0.0010708207264542577,
    "p99_time": 0.0011471094563603402,
    "precisions": [
      1.0,
      1.0,
      1.0,
      1.0,
      1.0,
      1.0,
      1.0,
      1.0,
      1.0,
      1.0
    ],
    "latencies": [
      0.0011661816388368607,
      0.0008694380521774292,
      0.0008616968989372253,
      0.0009542685002088547,
      0.0008211750537157059,
      0.0008239354938268661,
      0.0008434467017650604,
      0.0007930360734462738,
      0.0008047353476285934,
      0.0008170362561941147
    ]
  }
}