{
  "params": {
    "knn.algo_param.ef_search": 512
  },
  "results": {
    "total_time": 0.009062334895133972,
    "mean_time": 0.0008352495729923249,
    "mean_precisions": 0.9,
    "std_time": 4.6467066080776634e-05,
    "min_time": 0.0007827728986740112,
    "max_time": 0.0009395387023687363,
    "rps": 1103.4683793654003,
    "p95_time": 0.0009158581495285034,
    "p99_time": 0.0009348025918006897,
    "precisions": [
      1.0,
      1.0,
      1.0,
      1.0,
      1.0,
      1.0,
      1.0,
      0.0,
      1.0,
      1.0
    ],
    "latencies": [
      0.0009395387023687363,
      0.0008390564471483231,
      0.0008400958031415939,
      0.0008560661226511002,
      0.0007991958409547806,
      0.0008869152516126633,
      0.0007871147245168686,
      0.0008136667311191559,
      0.0007827728986740112,
      0.0008080732077360153
    ]
  }
}