{
  "params": {
    "knn.algo_param.ef_search": 256
  },
  "results": {
    "total_time": 0.009675750508904457,
    "mean_time": 0.0008922597393393516,
    "mean_precisions": 0.9,
    "std_time": 6.505190833178628e-05,
    "min_time": 0.0008328650146722794,
    "max_time": 0.0010658912360668182,
    "rps": 1033.511559728327,
    "p95_time": 0.001000662427395582,
    "p99_time": 0.001052845474332571,
    "precisions": [
      1.0,
      1.0,
      1.0,
      1.0,
      1.0,
      1.0,
      1.0,
      0.0,
      1.0,
      1.0
    ],
    "latencies": [
      0.0010658912360668182,
      0.0008640680462121964,
      0.0009209383279085159,
      0.0008675381541252136,
      0.0008624494075775146,
      0.000842047855257988,
      0.0008457452058792114,
      0.0009012371301651001,
      0.0008328650146722794,
      0.0009198170155286789
    ]
  }
}