{
  "params": {
    "knn.algo_param.ef_search": 256
  },
  "results": {
    "total_time": 0.009619828313589096,
    "mean_time": 0.0008800394833087921,
    "mean_precisions": 1.0,
    "std_time": 6.961689185137383e-05,
    "min_time": 0.0008087754249572754,
    "max_time": 0.0010488387197256088,
    "rps": 1039.5195916203481,
    "p95_time": 0.0010051220655441283,
    "p99_time": 0.0010400953888893127,
    "precisions": [
      1.0,
      1.0,
      1.0,
      1.0,
      1.0,
      1.0,
      1.0,
      1.0,
      1.0,
      1.0
    ],
    "latencies": [
      0.0010488387197256088,
      0.0008500050753355026,
      0.0008540470153093338,
      0.0009022150188684464,
      0.0008252449333667755,
      0.000951690599322319,
      0.0008458755910396576,
      0.0008218865841627121,
      0.0008087754249572754,
      0.0008918158710002899
    ]
  }
}