{
  "params": {
    "knn.algo_param.ef_search": 256
  },
  "results": {
    "total_time": 0.009688656777143478,
    "mean_time": 0.000883079506456852,
    "mean_precisions": 0.9,
    "std_time": 6.312740699017228e-05,
    "min_time": 0.0008266046643257141,
    "max_time": 0.0010633133351802826,
    "rps": 1032.134818067971,
    "p95_time": 0.0009832234121859072,
    "p99_time": 0.0010472953505814076,
    "precisions": [
      1.0,
      1.0,
      1.0,
      1.0,
      1.0,
      1.0,
      1.0,
      0.0,
      1.0,
      1.0
    ],
    "latencies": [
      0.0010633133351802826,
      0.0008853357285261154,
      0.0008684154599905014,
      0.0008502546697854996,
      0.0008266046643257141,
      0.0008318554610013962,
      0.000871315598487854,
      0.0008743274956941605,
      0.0008826479315757751,
      0.0008767247200012207
    ]
  }
}