{
  "params": {
    "knn.algo_param.ef_search": 128
  },
  "results": {
    "total_time": 0.010137517005205154,
    "mean_time": 0.0009331082925200463,
    "mean_precisions": 0.9,
    "std_time": 0.00011019028783454277,
    "min_time": 0.0008325669914484024,
    "max_time": 0.0012324433773756027,
    "rps": 986.4348434498758,
    "p95_time": 0.0011299679055809973,
    "p99_time": 0.0012119482830166817,
    "precisions": [
      1.0,
      1.0,
      1.0,
      1.0,
      1.0,
      1.0,
      1.0,
      0.0,
      1.0,
      1.0
    ],
    "latencies": [
      0.0012324433773756027,
      0.0008849650621414185,
      0.0008710268884897232,
      0.0009093582630157471,
      0.0008325669914484024,
      0.0009477399289608002,
      0.0008570067584514618,
      0.0010047201067209244,
      0.0008729379624128342,
      0.000918317586183548
    ]
  }
}