{
  "params": {
    "optimizers_config": {
      "memmap_threshold": 10000000
    },
    "hnsw_config": {
      "m": 32,
      "ef_construct": 128
    }
  },
  "results": {
    "post_upload": {},
    "upload_time": 0.4343287907540798,
    "total_time": 10.449611144140363,
    "latencies": [
      0.008288692682981491,
      0.009474625810980797,
      0.006166161969304085,
      0.013574596494436264,
      0.008227191865444183,
      0.009300550445914268,
      0.009870965033769608,
      0.007386473938822746,
      0.005999276414513588,
      0.0062788743525743484,
      0.0055523402988910675
    ]
  }
}