{
  "params": {
    "optimizers_config": {
      "memmap_threshold": 10000000
    },
    "hnsw_config": {
      "m": 16,
      "ef_construct": 128
    }
  },
  "results": {
    "post_upload": {},
    "upload_time": 0.7857328150421381,
    "total_time": 10.805716644972563,
    "latencies": [
      0.03316190093755722,
      0.03168513439595699,
      0.029012592509388924,
      0.030949659645557404,
      0.03740432672202587,
      0.028317419812083244,
      0.03345350921154022,
      0.03299367055296898,
      0.03775213100016117,
      0.0364368949085474,
      0.028576765209436417,
      0.03106803447008133,
      0.03679691441357136,
      0.03683227486908436,
      0.03620634414255619,
      0.03585606627166271,
      0.02314603701233864,
      0.02322665974497795,
      0.023603530600667,
      0.023388324305415154,
      0.02236461453139782,
      0.02245047502219677,
      0.02059118077158928,
      0.017701512202620506,
      0.02006087824702263,
      0.02035226672887802,
      0.021946515887975693,
      0.021843302994966507,
      0.019681112840771675,
      0.019068611785769463,
      0.01945260539650917,
      0.02420399896800518,
      0.016986818984150887,
      0.0181861724704504,
      0.018039660528302193,
      0.021007226780056953,
      0.01920047216117382,
      0.02200336754322052,
      0.01776745542883873,
      0.02164074033498764,
      0.019200503826141357,
      0.017779136076569557,
      0.01712772436439991,
      0.020193010568618774,
      0.0230206660926342,
      0.01697065867483616,
      0.017587020993232727,
      0.018755123019218445,
      0.020944736897945404,
      0.018827585503458977,
      0.017514949664473534,
      0.017968675121665,
      0.016730953007936478,
      0.022254403680562973,
      0.0195698793977499,
      0.017197174951434135,
      0.017482537776231766,
      0.023044897243380547,
      0.022039057686924934,
      0.02044585719704628,
      0.02169807255268097,
      0.019315393641591072,
      0.01874389313161373,
      0.020191652700304985,
      0.021008260548114777,
      0.02047564834356308,
      0.02026316337287426,
      0.020283043384552002,
      0.021707739681005478,
      0.020943565294146538,
      0.01956961117684841,
      0.01687052845954895,
      0.02024933509528637,
      0.02144760638475418,
      0.020270725712180138,
      0.01664864458143711,
      0.018157562240958214,
      0.021740565076470375,
      0.01965426467359066,
      0.016526591032743454,
      0.02050604112446308,
      0.020697051659226418,
      0.017488179728388786,
      0.0201216209679842,
      0.018822135403752327,
      0.021503334864974022,
      0.023133819922804832,
      0.022436676546931267,
      0.021370016038417816,
      0.020415404811501503,
      0.019969968125224113,
      0.018661899492144585,
      0.019123850390315056,
      0.021512549370527267,
      0.020467247813940048,
      0.018741784617304802,
      0.020275522023439407,
      0.021324774250388145,
      0.02042148821055889,
      0.01972152478992939,
      0.017752304673194885,
      0.022844554856419563,
      0.017526520416140556,
      0.019142622128129005,
      0.01918780244886875,
      0.020001716911792755,
      0.01781967654824257,
      0.025965983048081398,
      0.04078126139938831,
      0.03919091261923313,
      0.037089262157678604,
      0.03389300778508186,
      0.03223421610891819,
      0.031078841537237167,
      0.03144558146595955,
      0.029639987275004387,
      0.02698613703250885,
      0.025645175948739052,
      0.024305259808897972,
      0.023362131789326668,
      0.02362539805471897,
      0.02180938422679901,
      0.01906277984380722,
      0.02013017050921917,
      0.02213893085718155,
      0.022476796060800552,
      0.018219053745269775,
      0.021885573863983154,
      0.02269566059112549,
      0.023130087181925774,
      0.01707148365676403,
      0.01777728460729122,
      0.01684289611876011,
      0.016915414482355118,
      0.022161690518260002,
      0.020324284210801125,
      0.016669532284140587,
      0.02047392725944519,
      0.01910645142197609,
      0.02064356952905655,
      0.02137981355190277,
      0.01887792907655239,
      0.020408565178513527,
      0.019545631483197212,
      0.01721806451678276,
      0.016610130667686462,
      0.021239131689071655,
      0.01896478794515133,
      0.016352077946066856,
      0.022630639374256134,
      0.018171383067965508,
      0.019835006445646286,
      0.02121133916079998,
      0.02052643895149231,
      0.016747215762734413,
      0.016968900337815285,
      0.009101608768105507
    ]
  }
}