{
  "params": {
    "optimizers_config": {
      "memmap_threshold": 10000000
    },
    "hnsw_config": {
      "m": 16,
      "ef_construct": 128
    }
  },
  "results": {
    "post_upload": {},
    "upload_time": 0.7133503705263138,
    "total_time": 10.73345016874373,
    "latencies": [
      0.03011832758784294,
      0.029657285660505295,
      0.03176110237836838,
      0.03747032769024372,
      0.02701956406235695,
      0.03577219508588314,
      0.02948710322380066,
      0.02880055084824562,
      0.028337152674794197,
      0.0766045767813921,
      0.0741986408829689,
      0.0734710767865181,
      0.07012436911463737,
      0.07065252400934696,
      0.05454323999583721,
      0.060362713411450386,
      0.03087783046066761,
      0.023167939856648445,
      0.027051836252212524,
      0.022875964641571045,
      0.02359122969210148,
      0.02224114164710045,
      0.021765099838376045,
      0.02051001973450184,
      0.01938808709383011,
      0.030135715380311012,
      0.028769319877028465,
      0.027467722073197365,
      0.02578539215028286,
      0.024971134960651398,
      0.021748481318354607,
      0.023452747613191605,
      0.02235371619462967,
      0.01780364289879799,
      0.018154822289943695,
      0.017105931416153908,
      0.02484196424484253,
      0.016881415620446205,
      0.016707951202988625,
      0.021668778732419014,
      0.022188499569892883,
      0.02238418348133564,
      0.022807922214269638,
      0.021575048565864563,
      0.021434245631098747,
      0.0213484950363636,
      0.02074239030480385,
      0.021080859005451202,
      0.01801103912293911,
      0.0223332941532135,
      0.02263004705309868,
      0.01846024952828884,
      0.02350340597331524,
      0.02487296424806118,
      0.019640251994132996,
      0.019569380208849907,
      0.017900826409459114,
      0.018296662718057632,
      0.021316753700375557,
      0.01984628289937973,
      0.019432667642831802,
      0.018478067591786385,
      0.020086798816919327,
      0.01913486421108246,
      0.020870644599199295,
      0.02251802757382393,
      0.022063568234443665,
      0.02017977088689804,
      0.020159753039479256,
      0.02002304047346115,
      0.01695393957197666,
      0.01609664224088192,
      0.016677765175700188,
      0.021090621128678322,
      0.021468786522746086,
      0.021846691146492958,
      0.021871255710721016,
      0.021261153742671013,
      0.020176710560917854,
      0.019102370366454124,
      0.020619889721274376,
      0.01942506618797779,
      0.019625840708613396,
      0.01964477263391018,
      0.01672457717359066,
      0.02021620236337185,
      0.02090243622660637,
      0.017995478585362434,
      0.018214533105492592,
      0.02008027210831642,
      0.019022639840841293,
      0.01940087601542473,
      0.01726149581372738,
      0.02011127956211567,
      0.02165641076862812,
      0.01835261471569538,
      0.016614262014627457,
      0.01682283543050289,
      0.021475937217473984,
      0.020744873210787773,
      0.01965545117855072,
      0.02474728226661682,
      0.017716815695166588,
      0.019991178065538406,
      0.016411088407039642,
      0.020558077841997147,
      0.023298213258385658,
      0.06185642257332802,
      0.05371960438787937,
      0.054552240297198296,
      0.05363781936466694,
      0.06419681571424007,
      0.06176207959651947,
      0.04953788034617901,
      0.03890479542315006,
      0.03946288488805294,
      0.03448180668056011,
      0.028474394232034683,
      0.03711396083235741,
      0.037648580968379974,
      0.035169944167137146,
      0.03254791907966137,
      0.030184276401996613,
      0.0282289981842041,
      0.026935560628771782,
      0.025639167055487633,
      0.024013835936784744,
      0.023091357201337814,
      0.02207060717046261,
      0.024233579635620117,
      0.018391739577054977,
      0.021405046805739403,
      0.022034786641597748,
      0.01967805251479149,
      0.02024497091770172,
      0.01949569769203663,
      0.019056368619203568,
      0.018690891563892365,
      0.019186893478035927,
      0.020854204893112183,
      0.02045239508152008,
      0.019919326528906822,
      0.018982939422130585,
      0.01838940568268299,
      0.02072279155254364,
      0.018891775980591774,
      0.01705917902290821,
      0.01683099940419197,
      0.016868028789758682,
      0.01770373433828354,
      0.01821933127939701,
      0.022736091166734695,
      0.022732079029083252,
      0.020043548196554184,
      0.02173992246389389,
      0.02087218500673771,
      0.00804704800248146
    ]
  }
}