{
  "params": {
    "optimizers_config": {
      "memmap_threshold": 10000000
    },
    "hnsw_config": {
      "m": 32,
      "ef_construct": 256
    }
  },
  "results": {
    "post_upload": {},
    "upload_time": 0.4406917057931423,
    "total_time": 10.455871619284153,
    "latencies": [
      0.006772318854928017,
      0.007241740822792053,
      0.0043940357863903046,
      0.00899345800280571,
      0.012566806748509407,
      0.008669940754771233,
      0.0036897920072078705,
      0.007084310054779053,
      0.006681190803647041,
      0.006284123286604881,
      0.010282911360263824
    ]
  }
}