{
  "params": {
    "optimizers_config": {
      "memmap_threshold": 10000000
    },
    "hnsw_config": {
      "m": 16,
      "ef_construct": 128
    }
  },
  "results": {
    "post_upload": {},
    "upload_time": 0.4621725957840681,
    "total_time": 10.477627428248525,
    "latencies": [
      0.01478835940361023,
      0.021962979808449745,
      0.018784286454319954,
      0.009541776031255722,
      0.013875942677259445,
      0.012855751439929008,
      0.013580095022916794,
      0.009238198399543762,
      0.009002545848488808,
      0.006122300401329994,
      0.020228497684001923
    ]
  }
}