{
  "params": {
    "optimizers_config": {
      "memmap_threshold": 10000000
    },
    "hnsw_config": {
      "m": 16,
      "ef_construct": 128
    }
  },
  "results": {
    "post_upload": {},
    "upload_time": 0.15006992034614086,
    "total_time": 10.169732738286257,
    "latencies": [
      0.0321185328066349,
      0.03808019682765007,
      0.0379375871270895,
      0.03697260841727257,
      0.03767743147909641,
      0.03154377266764641,
      0.030687572434544563,
      0.027386071160435677,
      0.028188107535243034,
      0.027341390028595924,
      0.02628011256456375
    ]
  }
}