{
  "params": {
    "optimizers_config": {
      "memmap_threshold": 10000000
    },
    "hnsw_config": {
      "m": 16,
      "ef_construct": 128
    }
  },
  "results": {
    "post_upload": {},
    "upload_time": 0.7320582494139671,
    "total_time": 10.74732151441276,
    "latencies": [
      0.033882856369018555,
      0.03374752402305603,
      0.038057638332247734,
      0.032013192772865295,
      0.033259157091379166,
      0.0334799699485302,
      0.036979999393224716,
      0.03758668713271618,
      0.03208119235932827,
      0.03752685897052288,
      0.03746923804283142,
      0.0366809219121933,
      0.033499160781502724,
      0.036425478756427765,
      0.031057162210345268,
      0.030645903199911118,
      0.020086150616407394,
      0.018394697457551956,
      0.022496817633509636,
      0.02201034687459469,
      0.016770105808973312,
      0.016800297424197197,
      0.016641471534967422,
      0.022290531545877457,
      0.020760003477334976,
      0.018438396975398064,
      0.018917467445135117,
      0.017942700535058975,
      0.018692033365368843,
      0.020129643380641937,
      0.019552558660507202,
      0.021233832463622093,
      0.019073400646448135,
      0.018737133592367172,
      0.01885824464261532,
      0.02218199148774147,
      0.019521277397871017,
      0.021450906991958618,
      0.021046467125415802,
      0.019528038799762726,
      0.02003253810107708,
      0.021488135680556297,
      0.019857946783304214,
      0.022760611027479172,
      0.023817243054509163,
      0.01883268542587757,
      0.019852856174111366,
      0.0180820319801569,
      0.021669460460543633,
      0.021856125444173813,
      0.017084551975131035,
      0.022632939741015434,
      0.01974363438785076,
      0.01759491302073002,
      0.023454925045371056,
      0.021496696397662163,
      0.024333612993359566,
      0.017953677102923393,
      0.019645970314741135,
      0.01797769032418728,
      0.018439307808876038,
      0.01833428628742695,
      0.01660083420574665,
      0.018643120303750038,
      0.022647660225629807,
      0.02214409038424492,
      0.021667130291461945,
      0.02098814770579338,
      0.01916513219475746,
      0.017400408163666725,
      0.02035960555076599,
      0.01838543824851513,
      0.016957217827439308,
      0.016379134729504585,
      0.02085118368268013,
      0.019613182172179222,
      0.016547100618481636,
      0.016502441838383675,
      0.022770341485738754,
      0.024256503209471703,
      0.019526660442352295,
      0.01949847862124443,
      0.023794783279299736,
      0.015861056745052338,
      0.01685614511370659,
      0.02146044932305813,
      0.02122587151825428,
      0.01805839128792286,
      0.0200369693338871,
      0.01824411191046238,
      0.017846686765551567,
      0.020151810720562935,
      0.019762836396694183,
      0.025504745543003082,
      0.019304543733596802,
      0.021432215347886086,
      0.019568011164665222,
      0.020203042775392532,
      0.01763722114264965,
      0.016890378668904305,
      0.017435617744922638,
      0.016734713688492775,
      0.016451628878712654,
      0.019752783700823784,
      0.021797874942421913,
      0.02310933731496334,
      0.02283950336277485,
      0.022283513098955154,
      0.026974555104970932,
      0.024639328941702843,
      0.04343957267701626,
      0.041586609557271004,
      0.038354016840457916,
      0.035462308675050735,
      0.0321230124682188,
      0.03073943592607975,
      0.025990532711148262,
      0.02678007073700428,
      0.02321287989616394,
      0.023030098527669907,
      0.022799231112003326,
      0.022188838571310043,
      0.019912974908947945,
      0.019935285672545433,
      0.019733652472496033,
      0.021057680249214172,
      0.024094287306070328,
      0.01778561621904373,
      0.02319897897541523,
      0.023305444046854973,
      0.01735626719892025,
      0.019385255873203278,
      0.020782824605703354,
      0.022148439660668373,
      0.020755762234330177,
      0.021457869559526443,
      0.019349215552210808,
      0.018616901710629463,
      0.01826917566359043,
      0.02240193448960781,
      0.020674681290984154,
      0.020372916013002396,
      0.0228317528963089,
      0.021952416747808456,
      0.016944220289587975,
      0.02189025469124317,
      0.019390765577554703,
      0.018453460186719894,
      0.016304396092891693,
      0.021673452109098434,
      0.021856265142560005,
      0.01961471140384674,
      0.02043372578918934,
      0.02120911329984665,
      0.022141829133033752,
      0.016119113191962242,
      0.006173711270093918
    ]
  }
}